{"cameraMode":{"drawMode":0,"name":"Shaded","section":"Shading Mode"},"sceneLighting":false,"audioPlay":false,"sceneViewState":{"showFog":true,"showMaterialUpdate":false,"showSkybox":false,"showFlares":true,"showImageEffects":true,"showParticleSystems":true},"in2DMode":false,"pivot":{"x":9.2559232711792,"y":1.7563095092773438,"z":5.72784423828125},"rotation":{"x":0.1959478259086609,"y":-0.12610642611980439,"z":0.02541830576956272,"w":0.9721411466598511},"size":24.713457107543947,"orthographic":false}