{"cameraMode":{"drawMode":0,"name":"Shaded","section":"Shading Mode"},"sceneLighting":false,"audioPlay":false,"sceneViewState":{"showFog":true,"showMaterialUpdate":false,"showSkybox":false,"showFlares":true,"showImageEffects":true,"showParticleSystems":true},"in2DMode":false,"pivot":{"x":6.89760684967041,"y":-0.8327101469039917,"z":-7.739999771118164},"rotation":{"x":0.3147248923778534,"y":-0.535493016242981,"z":0.22444720566272736,"w":0.7508793473243713},"size":0.5075832009315491,"orthographic":false}