{"cameraMode":{"drawMode":0,"name":"Shaded","section":"Shading Mode"},"sceneLighting":false,"audioPlay":false,"sceneViewState":{"showFog":true,"showMaterialUpdate":false,"showSkybox":false,"showFlares":true,"showImageEffects":true,"showParticleSystems":true},"in2DMode":false,"pivot":{"x":-3.0589699745178224,"y":-4.6012349128723148,"z":0.31596994400024416},"rotation":{"x":0.3186366558074951,"y":-0.45679524540901186,"z":0.1794893890619278,"w":0.810920774936676},"size":9.752175331115723,"orthographic":false}