{"cameraMode":{"drawMode":0,"name":"Shaded","section":"Shading Mode"},"sceneLighting":true,"audioPlay":false,"sceneViewState":{"showFog":true,"showMaterialUpdate":false,"showSkybox":true,"showFlares":true,"showImageEffects":true,"showParticleSystems":true},"in2DMode":false,"pivot":{"x":-0.38876140117645266,"y":-0.9224522113800049,"z":-4.273260593414307},"rotation":{"x":0.39725106954574587,"y":-0.11379274725914002,"z":0.049714744091033939,"w":0.9092706441879273},"size":2.351763963699341,"orthographic":false}