{"cameraMode":{"drawMode":0,"name":"Shaded","section":"Shading Mode"},"sceneLighting":false,"audioPlay":false,"sceneViewState":{"showFog":true,"showMaterialUpdate":false,"showSkybox":false,"showFlares":true,"showImageEffects":true,"showParticleSystems":true},"in2DMode":false,"pivot":{"x":3.8558220863342287,"y":-2.3330209255218508,"z":-0.45270836353302},"rotation":{"x":0.3147248923778534,"y":-0.535493016242981,"z":0.22444720566272736,"w":0.7508793473243713},"size":3.1307532787323,"orthographic":false}